Filename,language,dur,lartype,family,area,norm.soe
20-to_go,A'ingae,167.704,h,A'ingae,South America,0.09884403183315717
55-to_go,A'ingae,134.54399999999998,h,A'ingae,South America,0.1716873589986161
014-hang,Afrikaans,86.407,H,Indo-European,Africa,0.32940132667023675
032-hands,Afrikaans,156.05700000000002,H,Indo-European,Africa,0.20708418073550836
148-horizontal,Afrikaans,55.882000000000005,H,Indo-European,Africa,0.49923106102412373
158-historian,Afrikaans,20.613,H,Indo-European,Africa,0.4510380372659129
01-you-PL,Amarasi,133.79899999999998,h,Austronesian,Papunesia,0.2200761285323699
03-four,Amarasi,145.96600000000004,h,Austronesian,Papunesia,0.4474739011294891
04-you-SG,Amarasi,124.32199999999999,h,Austronesian,Papunesia,0.45019317223256083
11-seven,Amarasi,119.975,h,Austronesian,Papunesia,0.36357450531994884
11-we-EXCL_work,Amarasi,141.78499999999997,h,Austronesian,Papunesia,0.3810889450739654
12-we-INCL_turn,Amarasi,78.58099999999999,h,Austronesian,Papunesia,0.37489254947801837
16-tree-wood,Amarasi,127.12999999999998,h,Austronesian,Papunesia,0.4187601656609432
17-tree-leaf,Amarasi,126.376,h,Austronesian,Papunesia,0.39265170755493
28-you-SG,Amarasi,124.322,h,Austronesian,Papunesia,0.45019317223256083
hang,American English,114.119,h,Indo-European,Eurasia,0.34874849864899254
high,American English,107.469,h,Indo-European,Eurasia,0.3435859492872242
doctor,Amharic,87.44200000000001,h,Afro-Asiatic,Africa,0.300641487667509
escape-n,Arabic,105.689,h,Afro-Asiatic,Eurasia,0.19122159923403054
05-hard,Australian English,120.30200000000002,h,Indo-European,Australia,0.2739878989685345
18-hang,Australian English,143.11699999999996,h,Indo-European,Australia,0.3651594374007471
19-high,Australian English,148.24099999999999,h,Indo-European,Australia,0.4333850242488151
20-how,Australian English,124.72000000000003,h,Indo-European,Australia,0.3162766962743185
21-heed,Australian English,66.654,h,Indo-European,Australia,0.15320440567987206
23-happy,Australian English,103.28999999999996,h,Indo-European,Australia,0.33178910949457435
32-hear,Australian English,104.41399999999999,h,Indo-European,Australia,0.26229655766323373
33-hair,Australian English,106.97699999999998,h,Indo-European,Australia,0.26449804909748564
39-hurl,Australian English,123.471,h,Indo-European,Australia,0.3271731304823611
41-howl,Australian English,105.344,h,Indo-European,Australia,0.3191574631046807
48-whod,Australian English,66.80899999999997,h,Indo-European,Australia,0.3395102286883694
49-hood,Australian English,95.32799999999997,h,Indo-European,Australia,0.22181042919855315
50-hell,Australian English,108.5,h,Indo-European,Australia,0.20132508527075538
51-Hal,Australian English,104.17100000000005,h,Indo-European,Australia,0.2818957080144685
52-hile,Australian English,90.005,h,Indo-European,Australia,0.21810429198553158
53-heel,Australian English,116.476,h,Indo-European,Australia,0.3889170979350344
03-hats,Austrian German,91.94800000000001,h,Indo-European,Eurasia,0.23916208883393963
04-hut,Austrian German,93.789,h,Indo-European,Eurasia,0.2697324245292875
08-cave,Austrian German,83.59300000000002,h,Indo-European,Eurasia,0.2817466503851994
09-hell,Austrian German,72.869,h,Indo-European,Eurasia,0.2512331699821793
11-hedge,Austrian German,75.62100000000001,h,Indo-European,Eurasia,0.16207987909660967
12-gamekeeping,Austrian German,103.924,h,Indo-European,Eurasia,0.31027569448450876
20-to_dart,Austrian German,82.096,h,Indo-European,Eurasia,0.13178150992680868
23-trousers,Austrian German,100.876,h,Indo-European,Eurasia,0.25582076544103693
25-hammer,Austrian German,91.86300000000001,h,Indo-European,Eurasia,0.29034662372922027
28-hunger,Austrian German,104.954,h,Indo-European,Eurasia,0.275632787390897
31-house,Austrian German,83.37100000000001,h,Indo-European,Eurasia,0.3514659316579877
33-to_rush,Austrian German,66.87399999999998,h,Indo-European,Eurasia,0.21368812613163024
35-to_pet,Austrian German,68.96300000000001,h,Indo-European,Eurasia,0.3531734866018368
37-witch,Austrian German,70.05700000000002,h,Indo-European,Eurasia,0.4222131206898991
43-hall,Austrian German,132.752,h,Indo-European,Eurasia,0.4074879689694705
24-key,Azerbaijani,134.564,h,Turkic,Eurasia,0.2780712247294091
18-to_make_the_hajj-haji,Bajau,106.40700000000001,h,Austronesian,Papunesia,0.06941255304892716
11-to_cover_oneself,Basaa,218.533,h,NA,NA,0.39224375626869423
12-to_put_clothes_on_oneself,Basaa,104.286,h,NA,NA,0.24706585137271303
13-to_avoid_oneself,Basaa,143.279,h,NA,NA,0.289665457964667
19-to_cost,Basaa,103.1,h,NA,NA,0.630166784091349
23-to_hang_around,Basaa,101.28499999999998,h,NA,NA,0.26039583010129985
24-to_sharpen,Basaa,78.104,h,NA,NA,0.571554700369955
26-to_annoy,Basaa,89.86099999999999,h,NA,NA,0.15488001972829601
32-to_block,Basaa,63.379999999999995,h,NA,NA,0.17073101488955442
40-to_swim,Basaa,70.65100000000001,h,NA,NA,0.4434162299483579
42-to_annoy,Basaa,92.965,h,NA,NA,0.539733101295687
45b-to_block_for,Basaa,63.322,h,NA,NA,0.3434355082701031
48-to_block_each_other,Basaa,79.03099999999999,h,NA,NA,0.2817183918145755
48b-to_sharpen_with,Basaa,77.139,h,NA,NA,0.35578241526470905
24-BC-quarrel,Bohemian Czech,122.89699999999999,H,Indo-European,Eurasia,0.5351853034839672
39-BC-Johnny,Bohemian Czech,76.642,H,Indo-European,Eurasia,0.20371059682900688
43-BC-a_lot_of,Bohemian Czech,68.959,H,Indo-European,Eurasia,0.24145741098294432
20-also,Bukharan Tajik,193.56500000000003,h,NA,NA,0.3276091207648888
32-thing,Burmese,154.048,h,Sino-Tibetan,Eurasia,0
03-shrimp,Cantonese,89.203,h,Sino-Tibetan,Eurasia,0.2472463622437216
17-clear_sounding,Central Sama,143.98700000000002,h,Austronesian,Papunesia,0.36731754738499417
098-TAB5-22-winnow,Cicipu,46.141000000000076,h,Niger-Congo,Africa,0.3937243157881411
098-TAB5-22-winnow,Cicipu,49.175999999999995,h,Niger-Congo,Africa,0.40827213089594083
099-TAB5-23-start,Cicipu,48.42700000000001,h,Niger-Congo,Africa,0.4059904251416734
099-TAB5-23-start,Cicipu,85.52200000000005,h,Niger-Congo,Africa,0.25204233018094413
100-TAB5-24-say,Cicipu,47.528999999999996,h,Niger-Congo,Africa,0.43747882841700614
100-TAB5-24-say,Cicipu,88.30600000000004,h,Niger-Congo,Africa,0.49266997732800893
mountain,Czech,126.38199999999999,H,Indo-European,Eurasia,0.6854070970986913
11_hain,Dagaare,71.68299999999999,h,Niger-Congo,Africa,0.33599877005918954
12_shoo,Dagaare,71.28399999999999,h,Niger-Congo,Africa,0.29178495107862934
13_yawn,Dagaare,61.54600000000002,h,Niger-Congo,Africa,0.30847938739189784
16_smell_badly,Dagaare,44.77199999999999,h,Niger-Congo,Africa,0.40166723262180976
17_widen,Dagaare,51.30000000000001,h,Niger-Congo,Africa,0.6181740340892572
04-cave,Danish,77.71,h,Indo-European,Eurasia,0.11319753689198729
08-domestic,Danish,63.22200000000001,h,Indo-European,Eurasia,0.13199863709449697
11-fast,Danish,91.91999999999999,h,Indo-European,Eurasia,0.16927612112996504
14-him,Danish,81.44800000000001,h,Indo-European,Eurasia,0.18044638354532327
15-hoot,Danish,70.75099999999999,h,Indo-European,Eurasia,0.05107363013376396
17-ocean,Danish,100.904,h,Indo-European,Eurasia,0.29655267591168105
17-protector,Dari,92.333,h,Indo-European,Eurasia,0.3241096320297655
26-even,Dari,102.536,h,Indo-European,Eurasia,0.23966367977751618
40-air,Dari,86.91,h,Indo-European,Eurasia,0.20200086188684055
43-situation,Dari,110.845,h,Indo-European,Eurasia,0.26885730949301057
cabin,Dutch,117.68599999999999,H,Indo-European,Eurasia,0.3933038478266565
hat,Dutch,59.222,H,Indo-European,Eurasia,0.11157717826045195
01-knife,Fataluku,156.188,h,Papuan,Papunesia,0.42264634692310155
02-to_know,Fataluku,162.87099999999992,h,Papuan,Papunesia,0.6662574575991571
03-light,Fataluku,183.87199999999996,h,Papuan,Papunesia,0.1990193942907991
04-together,Fataluku,156.822,h,Papuan,Papunesia,0.5438097352218937
06-wait,Fataluku,146.80700000000002,h,Papuan,Papunesia,0.377112351143545
10-spoon,Fataluku,202.39000000000001,h,Papuan,Papunesia,0.4532196239587852
13-bone,Fataluku,136.212,h,Papuan,Papunesia,0.3583783468899171
15-dunghill,Frisian,139.639,h,NA,NA,0.5653384270275623
16-hit_3SGP,Frisian,109.06799999999998,h,NA,NA,0.6904670199797217
17-to_hit,Frisian,111.41299999999995,h,NA,NA,0.5752355052042409
09-thing-or-matter,Gayo,118.898,h,Austronesian,Papunesia,0.3682471129427994
gentlemen,German,80.594,h,Indo-European,Eurasia,0.16666666666666666
had-1pl,German,92.82899999999998,h,Indo-European,Eurasia,0.3238127804600821
hard,German,91.458,h,Indo-European,Eurasia,0.32883620370795624
hate-1sg,German,109.87899999999999,h,Indo-European,Eurasia,0.38769884989539233
high,German,23.522,h,Indo-European,Eurasia,0.48571917069012316
huts,German,58.224999999999994,h,Indo-European,Eurasia,0.30392980502760847
to-guard,German,38.977999999999994,h,Indo-European,Eurasia,0.24285958534506158
09a-Indian_doctor-shaman,Gitksan,78.692,h,Tsimshianic,North America,0.502411991725331
19a-to_send,Gitksan,136.03,h,Tsimshianic,North America,0.6055820775413772
20a-to_send-REDUP,Gitksan,103.43100000000001,h,Tsimshianic,North America,0.3011528213750671
27a-intestines-guts,Gitksan,130.83,h,Tsimshianic,North America,0.4980965057855597
27b-intestines-guts,Gitksan,131.822,h,Tsimshianic,North America,0.3130401644454575
005-I-1SG,Goemai,143.719,h,Afro-Asiatic,Africa,0.2520864042846588
009-greetings,Goemai,121.01099999999997,h,Afro-Asiatic,Africa,0.19167835484888943
013-tree,Goemai,229.22200000000004,h,Afro-Asiatic,Africa,0.6242000399593094
054-sand,Goemai,220.86400000000003,h,Afro-Asiatic,Africa,0.32623110945685174
055-tooth,Goemai,58.93199999999999,h,Afro-Asiatic,Africa,0.2321956288053134
09-flour-N,Goemai,146.36799999999997,h,Afro-Asiatic,Africa,0.29810575025352903
10-egg-N,Goemai,82.23000000000002,h,Afro-Asiatic,Africa,0.49898540442174805
23-down,Hakka Chinese,122.49700000000001,h,Sino-Tibetan,Eurasia,0.6355398959417923
16-cages,Hamont Dutch,70.275,H,Indo-European,Eurasia,0.3941164715621274
26-hooks,Hamont Dutch,128.876,H,Indo-European,Eurasia,0.3752693058602301
08-shelf-H,Hawaiian,46.43100000000004,h,Austronesian,Papunesia,0.43341676424443387
21-to_praise-H,Hawaiian,60.05000000000001,h,Austronesian,Papunesia,0.32970612222266293
28-to_mend_a_net-H,Hawaiian,88.339,h,Austronesian,Papunesia,0.30852856851366744
30-scooping-H,Hawaiian,64.90200000000004,h,Austronesian,Papunesia,0.2699836613674485
mountain,Hebrew,126.41799999999999,h,Afro-Asiatic,Eurasia,0.5198573672412375
condition,Hindi,110.95200000000001,h,Indo-European,Eurasia,0.22557108674411724
laugh-imp,Hindi,90.517,h,Indo-European,Eurasia,0.23490341359046812
six,Hungarian,84.209,h,Uralic,Eurasia,0.37727243047181336
snow,Hungarian,71.513,h,Uralic,Eurasia,0.26953241315894394
22-pest-or-infection,Indonesian,68.469,h,Indo-European,Papunesia,0.4480573481897811
bridge,Japanese,92.80700000000002,h,Japonic,Eurasia,0.38149748273139017
chopsticks,Japanese,104.696,h,Japonic,Eurasia,0.5527609284036414
degree-extent,Japanese,117.305,h,Japonic,Eurasia,0.626918150437255
end,Japanese,49.251999999999995,h,Japonic,Eurasia,0.41805098289809167
nose,Japanese,88.113,h,Japonic,Eurasia,0.2986073886071843
sidewalk,Japanese,80.91799999999999,h,Japonic,Eurasia,0.5458484730209554
translation,Japanese,39.394999999999996,h,Japonic,Eurasia,0.7550433255133443
050-a_little,Japhug,110.892,h,Sino-Tibetan,Eurasia,0.49364024754609914
21-dog,Kabiye,148.59099999999998,h,Niger-Congo,Africa,0.34176663413873587
21-hearts,Kabiye,135.61700000000002,h,Niger-Congo,Africa,0.3190048967319255
27-farmers,Kabiye,129.382,h,Niger-Congo,Africa,0.35234889882882775
07a_possessions,Kalasha,139.811,h,Indo-European,Eurasia,0.27885923406155744
003_world,Kazakh,128.53499999999997,h,Turkic,Eurasia,0.6585491103201866
05-type_of_spirit,Kera,51.30799999999999,h,Afro-Asiatic,Africa,0.23810046599780796
24-bend_metal,Kera,62.81699999999998,h,Afro-Asiatic,Africa,0.15572753750312782
26-sufficient,Kera,116.281,h,Afro-Asiatic,Africa,0.20228633179020086
10-to_be_new,Khongso,109.23500000000004,h,Sino-Tibetan,Eurasia,0.2030301104255383
11_saloon,Khuzestani Arabic,75.63799999999998,h,Afro-Asiatic,Eurasia,0.17853698693291883
28__important,Khuzestani Arabic,89.215,h,Afro-Asiatic,Eurasia,0.32895892985483954
51__this__F_,Khuzestani Arabic,99.821,h,Afro-Asiatic,Eurasia,0.4330546594837822
56__they__F_,Khuzestani Arabic,56.054,h,Afro-Asiatic,Eurasia,0.2553178133766083
76__he,Khuzestani Arabic,60.916,h,Afro-Asiatic,Eurasia,0.22312108120762353
doing,Korean,129.69799999999998,h,Koreanic,Eurasia,0.1056051753898357
23-yes,Kumzari,46.641999999999996,H,Indo-European,Eurasia,0.5124765846209152
02-cold,Lili Wu,78.749,H,Sino-Tibetan,Eurasia,0.1836557616768377
04-shoes,Lili Wu,21.292,H,Sino-Tibetan,Eurasia,0.7691924363382663
24-to_roar,Lili Wu,79.523,h,Sino-Tibetan,Eurasia,0.33491405999158724
25-dust,Lili Wu,135.74699999999999,h,Sino-Tibetan,Eurasia,0.5765608684042702
28-turgescence,Lili Wu,85.618,h,Sino-Tibetan,Eurasia,0.31938577306753957
01-heed,Liverpool English,162.84199999999998,h,Indo-European,Eurasia,0.2998111413037606
02-hid,Liverpool English,180.411,h,Indo-European,Eurasia,0.43222310482529525
03a-heard,Liverpool English,156.56199999999998,h,Indo-European,Eurasia,0.5423974144829605
03b-hair,Liverpool English,124.803,h,Indo-European,Eurasia,0.533903003098417
03c-her,Liverpool English,92.03200000000004,h,Indo-European,Eurasia,0.33196512001135525
04-head,Liverpool English,195.833,h,Indo-European,Eurasia,0.4100452880059933
05-had,Liverpool English,151.094,h,Indo-European,Eurasia,0.453194471438777
05a-heart,Liverpool English,102.35300000000001,h,Indo-European,Eurasia,0.41063679806499365
05b-heart,Liverpool English,116.22100000000002,h,Indo-European,Eurasia,0.524861720069679
06-hard,Liverpool English,126.65100000000001,h,Indo-European,Eurasia,0.32710541707043284
07-hod,Liverpool English,116.55,h,Indo-European,Eurasia,0.34034605708764154
08-hoard,Liverpool English,171.6250000000001,h,Indo-European,Eurasia,0.36452003144727724
09-who-d,Liverpool English,106.67800000000001,h,Indo-European,Eurasia,0.40988083865744923
10-hood,Liverpool English,135.398,h,Indo-European,Eurasia,0.3520108574195974
11-hay,Liverpool English,135.539,h,Indo-European,Eurasia,0.3542247146099753
12-high,Liverpool English,148.45399999999998,h,Indo-European,Eurasia,0.3825475263881484
14-hoe,Liverpool English,147.002,h,Indo-European,Eurasia,0.4847185502919493
15-how,Liverpool English,158.49,h,Indo-European,Eurasia,0.4463621705717598
17-him,Liverpool English,123.97,h,Indo-European,Eurasia,0.6280524656849603
18-who,Liverpool English,126.12800000000001,h,Indo-European,Eurasia,0.3233688337851372
19-his,Liverpool English,84.094,h,Indo-European,Eurasia,0.3811184105522984
21-hit,Liverpool English,130.08599999999998,h,Indo-European,Eurasia,0.43538048363806564
43-hoop,Liverpool English,88.713,h,Indo-European,Eurasia,0.4196369581693795
47-height,Liverpool English,185.008,h,Indo-European,Eurasia,0.4453737150826763
043-bamboo,Lizu,194.52,h,Sino-Tibetan,Eurasia,0.3258474917065416
053-five,Lizu,109.822,H,Sino-Tibetan,Eurasia,0.21176947231593257
079-maple,Lizu,242.04399999999998,h,Sino-Tibetan,Eurasia,0.3390526203853267
11-back-following,Lizu,220.341,h,Sino-Tibetan,Eurasia,0.28652770738436817
03-man-person,Lower Xumi,75.412,h,Sino-Tibetan,Eurasia,0.6230333546801826
04-to_cut,Lower Xumi,115.02999999999997,h,Sino-Tibetan,Eurasia,0.5979720661486543
05-to_blow,Lower Xumi,40.77000000000001,h,Sino-Tibetan,Eurasia,0.6137265003819016
07-silver_bowl,Lower Xumi,65.68599999999998,H,Sino-Tibetan,Eurasia,0.7810645822166813
13-silver,Lower Xumi,109.75200000000001,H,Sino-Tibetan,Eurasia,0.7649507952855739
15-deep,Lower Xumi,192.23700000000002,h,Sino-Tibetan,Eurasia,0.6615900055138528
44-vegetable,Lower Xumi,122.77699999999999,h,Sino-Tibetan,Eurasia,0.29621749572171363
45-pigeon,Lower Xumi,78.82799999999997,H,Sino-Tibetan,Eurasia,0.660993596658459
02-envelope,Luxembourgish,121.62699999999995,h,Indo-European,Eurasia,0.5449062533581988
04-hill,Luxembourgish,99.315,h,Indo-European,Eurasia,0.3575101310995391
13-bright,Luxembourgish,121.70499999999998,h,Indo-European,Eurasia,0.4691737339063105
36-high,Luxembourgish,97.84800000000001,h,Indo-European,Eurasia,0.5172749217417443
42-here,Luxembourgish,89.22200000000001,h,Indo-European,Eurasia,0.42267705611056083
43-today,Luxembourgish,90.41399999999999,h,Indo-European,Eurasia,0.32142337031437085
51-ham,Luxembourgish,129.275,h,Indo-European,Eurasia,0.2660430039675151
01-chicken,Maastricht Dutch,71.32,H,Indo-European,Eurasia,0.5266379240057988
02-autumn,Maastricht Dutch,63.495,H,Indo-European,Eurasia,0.31595980590294104
06-garden,Maastricht Dutch,101.411,H,Indo-European,Eurasia,0.553064568380585
23-heart,Maastricht Dutch,59.596999999999994,H,Indo-European,Eurasia,0.21602499977388376
a3-witch,Maastricht Dutch,57.19800000000001,H,Indo-European,Eurasia,0.4112243602657752
d2-hear-2sg,Maastricht Dutch,76.745,H,Indo-European,Eurasia,0.21601125959683254
44-forbidden,Madurese,89.902,h,Austronesian,Papunesia,0.20487245915006824
45-result,Madurese,110.755,h,Austronesian,Papunesia,0.2713176103364018
16-call_to_move_buffalo,Makasar,115.47500000000002,h,Austronesian,Papunesia,0.2925861782944169
031-will_take,Malagasy,157.62599999999998,h,Austronesian,Africa,0.2858556352136208
076-strength,Malagasy,89.602,h,Austronesian,Africa,0.43057692309436546
162-QUOT,Malagasy,20.818000000000012,h,Austronesian,Africa,0.5698963195313965
15-day,Malay,179.753,h,Austronesian,Eurasia,0.2905138018868484
19-wasp-sp,Mambay,69.84700000000004,h,Niger-Congo,Africa,0.4711538358524462
33-crab,Mambay,80.57500000000002,h,Niger-Congo,Africa,0.41076262167197725
25-firestick,Mbarrumbathama,91.445,h,Pama-Nyungan,Australia,0.3986682568470151
41b-scorpion,Mbarrumbathama,77.327,h,Pama-Nyungan,Australia,0.48767753825135335
18-higher,Mennonite Plautdietsch,99.69899999999998,h,Indo-European,North America,0.5551028931819975
22-hunger,Mennonite Plautdietsch,129.106,h,Indo-European,North America,0.40853954378878005
29-hair,Mennonite Plautdietsch,117.63000000000001,h,Indo-European,North America,0.44289167743125313
32-hoe,Mennonite Plautdietsch,74.383,h,Indo-European,North America,0.43312648689870953
33-hedge,Mennonite Plautdietsch,124.90100000000001,h,Indo-European,North America,0.34990412846562335
46-honey-term_of_endearment,Mennonite Plautdietsch,89.259,h,Indo-European,North America,0.32144586898973543
47-here,Mennonite Plautdietsch,109.023,h,Indo-European,North America,0.434441532177327
48-hither,Mennonite Plautdietsch,100.416,h,Indo-European,North America,0.5551028931819975
33-hard,Mono,172.432,h,Niger-Congo,Africa,0.3023709526547165
08-ring,Munji,48.730999999999995,h,Indo-European,Eurasia,0.2810475270738123
16-horse,Nen,86.35,h,Yam,Papunesia,0.2747160340616479
08-am,Nepali,105.05299999999998,h,Indo-European,Eurasia,0.33257810162651935
01a-huge,New Zealand English,166.863,h,Indo-European,Papunesia,0.3802266009533972
01b-huge,New Zealand English,174.031,h,Indo-European,Papunesia,0.5396354179935147
04a-happy,New Zealand English,88.72199999999998,h,Indo-European,Papunesia,0.3053434881499202
04b-happy,New Zealand English,107.552,h,Indo-European,Papunesia,0.557803942673208
04c-happy,New Zealand English,108.49100000000004,h,Indo-European,Papunesia,0.4107999654040507
24a-hang,New Zealand English,117.31099999999998,h,Indo-European,Papunesia,0.6236778405526668
24b-hang,New Zealand English,132.565,h,Indo-European,Papunesia,0.6277016696742723
24c-hang,New Zealand English,144.73399999999998,h,Indo-European,Papunesia,0.6045725131154827
26a-high,New Zealand English,119.94800000000001,h,Indo-European,Papunesia,0.6331466014361977
26b-high,New Zealand English,125.75200000000001,h,Indo-European,Papunesia,0.4179365647156599
26c-high,New Zealand English,152.11,h,Indo-European,Papunesia,0.5077965239802743
04a-to_be_white,Niuean,176.66999999999996,h,Austronesian,Papunesia,0.5561913640077994
04b-to_be_white,Niuean,152.78400000000002,h,Austronesian,Papunesia,0.5417284730487081
07a-path_road,Niuean,158.572,h,Austronesian,Papunesia,0.418120980064329
07b-path_road,Niuean,102.56100000000004,h,Austronesian,Papunesia,0.17639664072521943
09a-strength,Niuean,84.87900000000002,h,Austronesian,Papunesia,0.24364117137949126
09b-strength,Niuean,87.96600000000001,h,Austronesian,Papunesia,0.2719006867722104
15a-3RD_SINGULAR_POSSESSIVE,Niuean,135.77399999999994,h,Austronesian,Papunesia,0.2957735921772262
15b-3RD_SINGULAR_POSSESSIVE,Niuean,102.755,h,Austronesian,Papunesia,0.20216601119849353
02-river,Northern Paiute,132.506,h,Uto-Aztecan,North America,0.3629646328924449
19-where,Northern Paiute,115.07400000000001,h,Uto-Aztecan,North America,0.22999132246425769
06-unable-barely_able,Northwest Sahaptin,48.74200000000002,h,Plateau Penutian,North America,0.31255864982824577
27-pig,Northwest Sahaptin,13.59899999999999,h,Plateau Penutian,North America,0.5037489461136291
32-yes,Nuuchahnulth,186.074,h,Wakashan,North America,0.3286187513917908
19-house,Orsmaal Dutch,139.29500000000002,h,Indo-European,Eurasia,0.545268580326145
35-hen,Orsmaal Dutch,172.10400000000004,h,Indo-European,Eurasia,0.6516335036301174
01-every,Palula,160.457,h,Indo-European,Eurasia,0.43367570990325294
06-take-away,Palula,138.03500000000003,h,Indo-European,Eurasia,0.2556285014695339
07-garland,Palula,127.702,h,Indo-European,Eurasia,0.4812316776026867
42-wind,Palula,170.246,h,Indo-European,Eurasia,0.17141711293407494
18-hang-Speaker1,Philippine English,110.164,h,Indo-European,Eurasia,0.4644046763599822
18-hang-Speaker2,Philippine English,154.154,h,Indo-European,Eurasia,0.37534093257106865
18-hang-Speaker3,Philippine English,97.739,h,Indo-European,Eurasia,0.4136794525073884
18-hang-Speaker4,Philippine English,134.92999999999998,h,Indo-European,Eurasia,0.3879867368659448
19-height-Speaker1,Philippine English,173.173,h,Indo-European,Eurasia,0.464420381494569
19-height-Speaker2,Philippine English,158.64,h,Indo-European,Eurasia,0.28439712543798423
19-height-Speaker3,Philippine English,69.78299999999999,h,Indo-European,Eurasia,0.43880192180622574
19-height-Speaker4,Philippine English,144.678,h,Indo-European,Eurasia,0.3925335924212425
40-hiss-Speaker1,Philippine English,99.77499999999998,h,Indo-European,Eurasia,0.5226148930648327
40-hiss-Speaker2,Philippine English,84.82100000000003,h,Indo-European,Eurasia,0.5432878417020506
40-hiss-Speaker3,Philippine English,108.83399999999999,h,Indo-European,Eurasia,0.5964850508553454
40-hiss-Speaker4,Philippine English,101.71099999999998,h,Indo-European,Eurasia,0.3286326926657167
41-his-Speaker1,Philippine English,94.889,h,Indo-European,Eurasia,0.5191733305175651
41-his-Speaker2,Philippine English,83.05699999999999,h,Indo-European,Eurasia,0.4386238179206311
41-his-Speaker3,Philippine English,87.035,h,Indo-European,Eurasia,0.5261686343828577
41-his-Speaker4,Philippine English,158.40800000000002,h,Indo-European,Eurasia,0.3123339970385575
18-condition,Punjabi,170.095,h,Indo-European,Eurasia,0.3959285971420631
29-elephant,Punjabi,111.07100000000001,h,Indo-European,Eurasia,0.4081495923943351
32-is,Punjabi,150.78700000000003,h,Indo-European,Eurasia,0.4545663346521437
39-what,Punjabi,237.94,h,Indo-European,Eurasia,0.46301442291669437
01-happy,RP English,109.018,h,Indo-European,Eurasia,0.21715422740747892
02-half,RP English,126.31700000000001,h,Indo-European,Eurasia,0.22134899472579253
15-hat,RP English,125.47,h,Indo-European,Eurasia,0.3547279914671477
22-hang,RP English,96.265,h,Indo-European,Eurasia,0.24893296993050643
09-cow-SF,Sandawe,57.819,h,Sandawe,Africa,0.35500687022936755
28-collect-water,Sandawe,84.375,h,Sandawe,Africa,0.16998363671698113
44-well-being,Saraiki,194.00499999999997,H,Indo-European,Eurasia,0.13232224902300746
19-cellphone-hape,Sasak,70.88399999999999,h,Austronesian,Papunesia,0.2609363116723053
02-said,Scottish Gaelic,90.00200000000001,h,Indo-European,Eurasia,0.21525043134577387
17-obtained,Scottish Gaelic,102.11699999999999,h,Indo-European,Eurasia,0.23467454336984256
22-become_rich,Setswana,181.397,h,NA,NA,0.21787175062417893
10-cold,Shanghai Chinese,71.594,H,Sino-Tibetan,Eurasia,0.30181719716593325
21-a_plant,Shanghai Chinese,81.60599999999997,h,Sino-Tibetan,Eurasia,0.5436664831058861
32-to_harm,Shanghai Chinese,130.298,H,Sino-Tibetan,Eurasia,0.5586493873348474
33-unrestrained,Shanghai Chinese,72.572,H,Sino-Tibetan,Eurasia,0.411970820877845
34-shoe,Shanghai Chinese,93.30200000000002,H,Sino-Tibetan,Eurasia,0.49210879556235076
necklace,Sindhi,165.567,h,Indo-European,Eurasia,0.33166319433143576
03-quarrel,Slovak,84.838,H,Indo-European,Eurasia,0.2969579156501674
29-snakes,Slovak,133.796,H,Indo-European,Eurasia,0.37348755113401494
14-it-shakes,Spokane,35.31199999999998,h,Salish,North America,0.6255588854382054
31-dark,Spokane,71.56800000000001,h,Salish,North America,0.43599720694090466
23m-to_kill,Sumi,59.062999999999995,h,Sino-Tibetan,Eurasia,0.4286169159240026
flat-rock,Swedish,147.015,h,Indo-European,Eurasia,0.38719071926355086
heel,Swedish,168.883,h,Indo-European,Eurasia,0.3302385485426166
threat,Swedish,181.87599999999998,h,Indo-European,Eurasia,0.2607300298181143
whole,Swedish,131.515,h,Indo-European,Eurasia,0.45622134568499795
19-sarong,Tausug,159.648,h,Austronesian,Papunesia,0.34004628534106085
06-hero,Telugu,126.263,h,Dravidian,Eurasia,0.34343646369172665
07-heroes,Telugu,123.97900000000001,h,Dravidian,Eurasia,0.3986698376455937
25-pleasantness,Telugu,116.71799999999999,h,Dravidian,Eurasia,0.22561731779187028
10b-interjection-to_draw_attn,Temne,80.433,h,Niger-Congo,Africa,0.20908689316915638
47-gently,Tera,75.717,h,Afro-Asiatic,Africa,0.22497443575450324
52-Hausa,Tera,70.09100000000001,h,Afro-Asiatic,Africa,0.24417205318103327
53-harmony,Tera,80.65899999999999,h,Afro-Asiatic,Africa,0.2377284963950628
54-hallelujah,Tera,53.77199999999999,h,Afro-Asiatic,Africa,0.2996192404341983
to-divide,Thai,129.189,h,Tai-Kadai,Eurasia,0.26045919237684984
05-crime,Tongan,146.04600000000002,h,Austronesian,Papunesia,0.331065151630112
08-appear,Tongan,169.7,h,Austronesian,Papunesia,0.3474022794527376
08-over_there,Tongan,138.64999999999998,h,Austronesian,Papunesia,0.39812234657194595
11-her,Tongan,161.741,h,Austronesian,Papunesia,0.4270910758557942
14-vast,Tongan,99.291,h,Austronesian,Papunesia,0.35779185262788177
24-stray,Tongan,193.00300000000001,h,Austronesian,Papunesia,0.47640711732396845
30-enter,Tongan,117.151,h,Austronesian,Papunesia,0.2363667486200612
every,Turkish,99.65899999999999,h,Turkic,Eurasia,0.17783456209658935
19-high,Tyneside English,99.533,h,Indo-European,Eurasia,0.37450945175287986
31-bosk,Ukrainian,193.736,H,Indo-European,Eurasia,0.5753443353576474
25-itisgood,Umbuygamu,87.722,h,Pama-Nyungan,Australia,0.34573543061853845
56-to-help,Upper Saxon,70.82900000000001,h,Indo-European,Eurasia,0.13849350523901263
33-US-pine-cone,Upper Sorbian,100.64499999999998,h,Indo-European,Eurasia,0.6511004075061261
043-vegetable,Upper Xumi,218.587,h,Sino-Tibetan,Eurasia,0.4548799942769059
044-to_dare,Upper Xumi,17.312000000000012,H,Sino-Tibetan,Eurasia,0.4686250081922184
070-self-3P_SUBJ,Upper Xumi,47.065,H,Sino-Tibetan,Eurasia,0.4437190663230015
55a-man-person,Upper Xumi,271.67900000000003,h,Sino-Tibetan,Eurasia,0.4597460894630774
56a-to_cut-to_slice-meat,Upper Xumi,226.721,h,Sino-Tibetan,Eurasia,0.4393068225607406
57a-to_blow,Upper Xumi,194.72700000000003,h,Sino-Tibetan,Eurasia,0.42036328837156
01-she_wants,Urarina,93.61,h,Urarina,South America,0.8075330386184217
10-hole,Urarina,76.642,h,Urarina,South America,0.28876775556436446
29-night,Urarina,90.35000000000001,h,Urarina,South America,0.17979703075231096
32-basketlike_quiver_for_storing_darts,Urarina,70.33600000000001,h,Urarina,South America,0.2246283608845499
33-type_of_drink,Urarina,79.144,h,Urarina,South America,0.45014365365203735
03-heat,Weert Dutch,99.054,h,Indo-European,Eurasia,0.46581588518058853
07-hi,Weert Dutch,49.285999999999994,h,Indo-European,Eurasia,0.37305502018164555
27-glove,Weert Dutch,109.28200000000001,h,Indo-European,Eurasia,0.2672734619791475
22-to_walk,Xinzhai Hmu,149.005,h,Hmong-Mien,Eurasia,0.3342810988449343
11-handsome,Yine,194.178,h,Arawakan,South America,0.3399253924422129
19-rope,Yine,138.03799999999998,h,Arawakan,South America,0.28838392424950005
41-capinuri-a-tree,Yine,196.483,h,Arawakan,South America,0.3660888935908217
01-hoot,Zurich German,139.26199999999997,h,Indo-European,Eurasia,0.5826266799669134
02-bonnet,Zurich German,53.724,h,Indo-European,Eurasia,0.09534292356061946
09-to-fetch,Zurich German,59.08099999999999,h,Indo-European,Eurasia,0.3874018623306925
10-hay,Zurich German,54.525,h,Indo-European,Eurasia,0.5700326843078547
10-to-sit,Zurich German,63.46900000000001,h,Indo-European,Eurasia,0.4319996262131227
17-hares,Zurich German,78.449,h,Indo-European,Eurasia,0.5678555224047308
20-hollow,Zurich German,65.031,h,Indo-European,Eurasia,0.6070852322638433
22-hand,Zurich German,84.3,h,Indo-European,Eurasia,0.393638801455678
31-potato01,Zurich German,100.815,h,Indo-European,Eurasia,0.5459593545657153
32-potato02,Zurich German,100.949,h,Indo-European,Eurasia,0.25780382855861156
33-to-hack,Zurich German,73.60000000000001,h,Indo-European,Eurasia,0.22010548126835586
36-hold,Zurich German,75.15799999999999,h,Indo-European,Eurasia,0.6350191500725135
47-sky,Zurich German,101.257,h,Indo-European,Eurasia,0.66707529581143
